project_id,template_id,template_loc,field_id,field_display_name,field_type,field_allowed_values,requried_field,field_description,extract_timestamp
acn-uki-ds-data-ai-project,demo_id,europe-west2,field1,field1 display,STRING,,True,des field 1,20211126004156
acn-uki-ds-data-ai-project,demo_id,europe-west2,field2,,BOOL,,False,,20211126004156
acn-uki-ds-data-ai-project,template_dataset_v_2,europe-west2,business_glossary,business_glossary,STRING,,False,The business processes where the table is used,20211126004156
acn-uki-ds-data-ai-project,template_dataset_v_2,europe-west2,classification,classification,STRING,,False,"Classification of data e.g. Restricted, Confidential etc",20211126004156
acn-uki-ds-data-ai-project,template_dataset_v_2,europe-west2,consumer_group,consumer_group,STRING,,False,Specify the group/department who will consume this data e.g. HR,20211126004156
acn-uki-ds-data-ai-project,template_dataset_v_2,europe-west2,contains_pii,contains_pii,BOOL,,False,Yes if there are pii attributes in the table otherwise No,20211126004156
acn-uki-ds-data-ai-project,template_dataset_v_2,europe-west2,contains_sensitive,contains_sensitive,BOOL,,False,Yes if there are any sensitive attributes otherwise No,20211126004156
acn-uki-ds-data-ai-project,template_dataset_v_2,europe-west2,crop_number,crop_number,DOUBLE,,False,"Capture records of processing, generally this is created at the time of requirement creation",20211126004156
acn-uki-ds-data-ai-project,template_dataset_v_2,europe-west2,data_owner,data_owner,STRING,,False,Specify the data owner to whom anyone can reach out in case required,20211126004156
acn-uki-ds-data-ai-project,template_dataset_v_2,europe-west2,data_sign_off,data_sign_off,BOOL,,False,Yes if data in the table is profiled otherwise No,20211126004156
acn-uki-ds-data-ai-project,template_dataset_v_2,europe-west2,data_stewart,data_stewart,STRING,,False,Specify the data stewart for that data,20211126004156
acn-uki-ds-data-ai-project,template_dataset_v_2,europe-west2,dataset_name,dataset_name,STRING,,True,Dataset name of the table,20211126004156
acn-uki-ds-data-ai-project,template_dataset_v_2,europe-west2,frequency,frequency,DOUBLE,,False,Frequency of the table updates,20211126004156
acn-uki-ds-data-ai-project,template_dataset_v_2,europe-west2,granularity,granularity,STRING,,False,Grain of the table,20211126004156
acn-uki-ds-data-ai-project,template_dataset_v_2,europe-west2,hold_profiled_data,hold_profiled_data,BOOL,,False,Yes if data in the table is profiled otherwise No,20211126004156
acn-uki-ds-data-ai-project,template_dataset_v_2,europe-west2,layer,layer,STRING,,False,Layer of the table e.g. Transformation,20211126004156
acn-uki-ds-data-ai-project,template_dataset_v_2,europe-west2,pii_columns,pii_columns,STRING,,False,"Specify the pii columns if any, otherwise blank",20211126004156
acn-uki-ds-data-ai-project,template_dataset_v_2,europe-west2,pii_type,PII type,ENUM,EMAIL_ADDRESS;US_SOCIAL_SECURITY_NUMBER;NONE;,False,"Specify the types pii columns if any, otherwise blank",20211126004156
acn-uki-ds-data-ai-project,template_dataset_v_2,europe-west2,project_name,project_name,STRING,,True,Project name of the table,20211126004156
acn-uki-ds-data-ai-project,template_dataset_v_2,europe-west2,retention,retention,STRING,,False,Specify the retention period of the table,20211126004156
acn-uki-ds-data-ai-project,template_dataset_v_2,europe-west2,sensitive_columns,sensitive_columns,STRING,,False,"Specify the sensitive columns if any, otherwise blank",20211126004156
acn-uki-ds-data-ai-project,template_dataset_v_2,europe-west2,sensitive_type,sensitive_type,ENUM,EMAIL_ADDRESS;US_SOCIAL_SECURITY_NUMBER;NONE;,False,"Specify the types of sensitive columns if any, otherwise blank",20211126004156
acn-uki-ds-data-ai-project,template_dataset_v_2,europe-west2,source_system,source_system,STRING,,False,Source system e.g. SAP,20211126004156
acn-uki-ds-data-ai-project,template_dataset_v_2,europe-west2,subject_domain,subject_domain,STRING,,False,Specify the subject area within that business process to which the table belongs to,20211126004156
acn-uki-ds-data-ai-project,template_dataset_v_1,europe-west2,business_glossary,business_glossary,STRING,,False,The business processes where the table is used,20211126004156
acn-uki-ds-data-ai-project,template_dataset_v_1,europe-west2,classification,classification,STRING,,False,"Classification of data e.g. Restricted, Confidential etc",20211126004156
acn-uki-ds-data-ai-project,template_dataset_v_1,europe-west2,consumer_group,consumer_group,STRING,,False,Specify the group/department who will consume this data e.g. HR,20211126004156
acn-uki-ds-data-ai-project,template_dataset_v_1,europe-west2,contains_pii,contains_pii,BOOL,,False,Yes if there are pii attributes in the table otherwise No,20211126004156
acn-uki-ds-data-ai-project,template_dataset_v_1,europe-west2,contains_sensitive,contains_sensitive,BOOL,,False,Yes if there are any sensitive attributes otherwise No,20211126004156
acn-uki-ds-data-ai-project,template_dataset_v_1,europe-west2,crop_number,crop_number,DOUBLE,,False,"Capture records of processing, generally this is created at the time of requirement creation",20211126004156
acn-uki-ds-data-ai-project,template_dataset_v_1,europe-west2,data_owner,data_owner,STRING,,False,Specify the data owner to whom anyone can reach out in case required,20211126004156
acn-uki-ds-data-ai-project,template_dataset_v_1,europe-west2,data_sign_off,data_sign_off,BOOL,,False,Yes if data in the table is profiled otherwise No,20211126004156
acn-uki-ds-data-ai-project,template_dataset_v_1,europe-west2,data_stewart,data_stewart,STRING,,False,Specify the data stewart for that data,20211126004156
acn-uki-ds-data-ai-project,template_dataset_v_1,europe-west2,dataset_name,dataset_name,STRING,,True,Dataset name of the table,20211126004156
acn-uki-ds-data-ai-project,template_dataset_v_1,europe-west2,frequency,frequency,DOUBLE,,False,Frequency of the table updates,20211126004156
acn-uki-ds-data-ai-project,template_dataset_v_1,europe-west2,granularity,granularity,STRING,,False,Grain of the table,20211126004156
acn-uki-ds-data-ai-project,template_dataset_v_1,europe-west2,hold_profiled_data,hold_profiled_data,BOOL,,False,Yes if data in the table is profiled otherwise No,20211126004156
acn-uki-ds-data-ai-project,template_dataset_v_1,europe-west2,layer,layer,STRING,,False,Layer of the table e.g. Transformation,20211126004156
acn-uki-ds-data-ai-project,template_dataset_v_1,europe-west2,pii_columns,pii_columns,STRING,,False,"Specify the pii columns if any, otherwise blank",20211126004156
acn-uki-ds-data-ai-project,template_dataset_v_1,europe-west2,pii_type,PII type,ENUM,EMAIL_ADDRESS;US_SOCIAL_SECURITY_NUMBER;NONE;,False,"Specify the types pii columns if any, otherwise blank",20211126004156
acn-uki-ds-data-ai-project,template_dataset_v_1,europe-west2,project_name,project_name,STRING,,True,Project name of the table,20211126004156
acn-uki-ds-data-ai-project,template_dataset_v_1,europe-west2,retention,retention,STRING,,False,Specify the retention period of the table,20211126004156
acn-uki-ds-data-ai-project,template_dataset_v_1,europe-west2,sensitive_columns,sensitive_columns,STRING,,False,"Specify the sensitive columns if any, otherwise blank",20211126004156
acn-uki-ds-data-ai-project,template_dataset_v_1,europe-west2,sensitive_type,sensitive_type,ENUM,EMAIL_ADDRESS;US_SOCIAL_SECURITY_NUMBER;NONE;,False,"Specify the types of sensitive columns if any, otherwise blank",20211126004156
acn-uki-ds-data-ai-project,template_dataset_v_1,europe-west2,source_system,source_system,STRING,,False,Source system e.g. SAP,20211126004156
acn-uki-ds-data-ai-project,template_dataset_v_1,europe-west2,subject_domain,subject_domain,STRING,,False,Specify the subject area within that business process to which the table belongs to,20211126004156
acn-uki-ds-data-ai-project,template_dataset_v_0,europe-west2,business_glossary,business_glossary,STRING,,False,The business processes where the table is used,20211126004156
acn-uki-ds-data-ai-project,template_dataset_v_0,europe-west2,classification,classification,STRING,,False,"Classification of data e.g. Restricted, Confidential etc",20211126004156
acn-uki-ds-data-ai-project,template_dataset_v_0,europe-west2,consumer_group,consumer_group,STRING,,False,Specify the group/department who will consume this data e.g. HR,20211126004156
acn-uki-ds-data-ai-project,template_dataset_v_0,europe-west2,contains_pii,contains_pii,BOOL,,False,Yes if there are pii attributes in the table otherwise No,20211126004156
acn-uki-ds-data-ai-project,template_dataset_v_0,europe-west2,contains_sensitive,contains_sensitive,BOOL,,False,Yes if there are any sensitive attributes otherwise No,20211126004156
acn-uki-ds-data-ai-project,template_dataset_v_0,europe-west2,crop_number,crop_number,DOUBLE,,False,"Capture records of processing, generally this is created at the time of requirement creation",20211126004156
acn-uki-ds-data-ai-project,template_dataset_v_0,europe-west2,data_owner,data_owner,STRING,,False,Specify the data owner to whom anyone can reach out in case required,20211126004156
acn-uki-ds-data-ai-project,template_dataset_v_0,europe-west2,data_sign_off,data_sign_off,BOOL,,False,Yes if data in the table is profiled otherwise No,20211126004156
acn-uki-ds-data-ai-project,template_dataset_v_0,europe-west2,data_stewart,data_stewart,STRING,,False,Specify the data stewart for that data,20211126004156
acn-uki-ds-data-ai-project,template_dataset_v_0,europe-west2,dataset_name,dataset_name,STRING,,True,Dataset name of the table,20211126004156
acn-uki-ds-data-ai-project,template_dataset_v_0,europe-west2,frequency,frequency,DOUBLE,,False,Frequency of the table updates,20211126004156
acn-uki-ds-data-ai-project,template_dataset_v_0,europe-west2,granularity,granularity,STRING,,False,Grain of the table,20211126004156
acn-uki-ds-data-ai-project,template_dataset_v_0,europe-west2,hold_profiled_data,hold_profiled_data,BOOL,,False,Yes if data in the table is profiled otherwise No,20211126004156
acn-uki-ds-data-ai-project,template_dataset_v_0,europe-west2,layer,layer,STRING,,False,Layer of the table e.g. Transformation,20211126004156
acn-uki-ds-data-ai-project,template_dataset_v_0,europe-west2,pii_columns,pii_columns,STRING,,False,"Specify the pii columns if any, otherwise blank",20211126004156
acn-uki-ds-data-ai-project,template_dataset_v_0,europe-west2,pii_type,PII type,ENUM,EMAIL_ADDRESS;US_SOCIAL_SECURITY_NUMBER;NONE;,False,"Specify the types pii columns if any, otherwise blank",20211126004156
acn-uki-ds-data-ai-project,template_dataset_v_0,europe-west2,project_name,project_name,STRING,,True,Project name of the table,20211126004156
acn-uki-ds-data-ai-project,template_dataset_v_0,europe-west2,retention,retention,STRING,,False,Specify the retention period of the table,20211126004156
acn-uki-ds-data-ai-project,template_dataset_v_0,europe-west2,sensitive_columns,sensitive_columns,STRING,,False,"Specify the sensitive columns if any, otherwise blank",20211126004156
acn-uki-ds-data-ai-project,template_dataset_v_0,europe-west2,sensitive_type,sensitive_type,ENUM,EMAIL_ADDRESS;US_SOCIAL_SECURITY_NUMBER;NONE;,False,"Specify the types of sensitive columns if any, otherwise blank",20211126004156
acn-uki-ds-data-ai-project,template_dataset_v_0,europe-west2,source_system,source_system,STRING,,False,Source system e.g. SAP,20211126004156
acn-uki-ds-data-ai-project,template_dataset_v_0,europe-west2,subject_domain,subject_domain,STRING,,False,Specify the subject area within that business process to which the table belongs to,20211126004156
acn-uki-ds-data-ai-project,template_column_v_2,europe-west2,has_pii,Has PII,BOOL,,False,,20211126004156
acn-uki-ds-data-ai-project,template_column_v_2,europe-west2,pii_type,PII type,ENUM,EMAIL_ADDRESS;US_SOCIAL_SECURITY_NUMBER;NONE;,False,,20211126004156
acn-uki-ds-data-ai-project,template_column_v_1,europe-west2,has_pii,Has PII,BOOL,,False,,20211126004156
acn-uki-ds-data-ai-project,template_column_v_1,europe-west2,pii_type,PII type,ENUM,EMAIL_ADDRESS;US_SOCIAL_SECURITY_NUMBER;NONE;,False,,20211126004156
acn-uki-ds-data-ai-project,template_table_v_3,europe-west2,business_glossary,business_glossary,STRING,,False,The business processes where the table is used,20211126004156
acn-uki-ds-data-ai-project,template_table_v_3,europe-west2,classification,classification,STRING,,False,"Classification of data e.g. Restricted, Confidential etc",20211126004156
acn-uki-ds-data-ai-project,template_table_v_3,europe-west2,consumer_group,consumer_group,STRING,,False,Specify the group/department who will consume this data e.g. HR,20211126004156
acn-uki-ds-data-ai-project,template_table_v_3,europe-west2,contains_pii,contains_pii,BOOL,,False,Yes if there are pii attributes in the table otherwise No,20211126004156
acn-uki-ds-data-ai-project,template_table_v_3,europe-west2,contains_sensitive,contains_sensitive,BOOL,,False,Yes if there are any sensitive attributes otherwise No,20211126004156
acn-uki-ds-data-ai-project,template_table_v_3,europe-west2,crop_number,crop_number,DOUBLE,,False,"Capture records of processing, generally this is created at the time of requirement creation",20211126004156
acn-uki-ds-data-ai-project,template_table_v_3,europe-west2,data_owner,data_owner,STRING,,False,Specify the data owner to whom anyone can reach out in case required,20211126004156
acn-uki-ds-data-ai-project,template_table_v_3,europe-west2,data_sign_off,data_sign_off,BOOL,,False,Yes if data in the table is profiled otherwise No,20211126004156
acn-uki-ds-data-ai-project,template_table_v_3,europe-west2,data_stewart,data_stewart,STRING,,False,Specify the data stewart for that data,20211126004156
acn-uki-ds-data-ai-project,template_table_v_3,europe-west2,dataset_name,dataset_name,STRING,,True,Dataset name of the table,20211126004156
acn-uki-ds-data-ai-project,template_table_v_3,europe-west2,frequency,frequency,DOUBLE,,False,Frequency of the table updates,20211126004156
acn-uki-ds-data-ai-project,template_table_v_3,europe-west2,granularity,granularity,STRING,,False,Grain of the table,20211126004156
acn-uki-ds-data-ai-project,template_table_v_3,europe-west2,hold_profiled_data,hold_profiled_data,BOOL,,False,Yes if data in the table is profiled otherwise No,20211126004156
acn-uki-ds-data-ai-project,template_table_v_3,europe-west2,layer,layer,STRING,,False,Layer of the table e.g. Transformation,20211126004156
acn-uki-ds-data-ai-project,template_table_v_3,europe-west2,pii_columns,pii_columns,STRING,,False,"Specify the pii columns if any, otherwise blank",20211126004156
acn-uki-ds-data-ai-project,template_table_v_3,europe-west2,pii_type,PII type,ENUM,EMAIL_ADDRESS;US_SOCIAL_SECURITY_NUMBER;NONE;,False,"Specify the types pii columns if any, otherwise blank",20211126004156
acn-uki-ds-data-ai-project,template_table_v_3,europe-west2,project_name,project_name,STRING,,True,Project name of the table,20211126004156
acn-uki-ds-data-ai-project,template_table_v_3,europe-west2,retention,retention,STRING,,False,Specify the retention period of the table,20211126004156
acn-uki-ds-data-ai-project,template_table_v_3,europe-west2,sensitive_columns,sensitive_columns,STRING,,False,"Specify the sensitive columns if any, otherwise blank",20211126004156
acn-uki-ds-data-ai-project,template_table_v_3,europe-west2,sensitive_type,sensitive_type,ENUM,EMAIL_ADDRESS;US_SOCIAL_SECURITY_NUMBER;NONE;,False,"Specify the types of sensitive columns if any, otherwise blank",20211126004156
acn-uki-ds-data-ai-project,template_table_v_3,europe-west2,source_system,source_system,STRING,,False,Source system e.g. SAP,20211126004156
acn-uki-ds-data-ai-project,template_table_v_3,europe-west2,subject_domain,subject_domain,STRING,,False,Specify the subject area within that business process to which the table belongs to,20211126004156
acn-uki-ds-data-ai-project,template_table_v_3,europe-west2,table_description,table_description,STRING,,False,Description of the table,20211126004156
acn-uki-ds-data-ai-project,template_table_v_3,europe-west2,table_name,table_name,STRING,,True,Name of the table,20211126004156
acn-uki-ds-data-ai-project,template_table_v_3,europe-west2,transformation_logic,transformation_logic,STRING,,False,Specify the breif transformation logic in simple terms,20211126004156
acn-uki-ds-data-ai-project,template_table_v_2,europe-west2,business_glossary,business_glossary,STRING,,False,The business processes where the table is used,20211126004156
acn-uki-ds-data-ai-project,template_table_v_2,europe-west2,classification,classification,STRING,,False,"Classification of data e.g. Restricted, Confidential etc",20211126004156
acn-uki-ds-data-ai-project,template_table_v_2,europe-west2,consumer_group,consumer_group,STRING,,False,Specify the group/department who will consume this data e.g. HR,20211126004156
acn-uki-ds-data-ai-project,template_table_v_2,europe-west2,contains_pii,contains_pii,BOOL,,False,Yes if there are pii attributes in the table otherwise No,20211126004156
acn-uki-ds-data-ai-project,template_table_v_2,europe-west2,contains_sensitive,contains_sensitive,BOOL,,False,Yes if there are any sensitive attributes otherwise No,20211126004156
acn-uki-ds-data-ai-project,template_table_v_2,europe-west2,crop_number,crop_number,DOUBLE,,False,"Capture records of processing, generally this is created at the time of requirement creation",20211126004156
acn-uki-ds-data-ai-project,template_table_v_2,europe-west2,data_owner,data_owner,STRING,,False,Specify the data owner to whom anyone can reach out in case required,20211126004156
acn-uki-ds-data-ai-project,template_table_v_2,europe-west2,data_sign_off,data_sign_off,BOOL,,False,Yes if data in the table is profiled otherwise No,20211126004156
acn-uki-ds-data-ai-project,template_table_v_2,europe-west2,data_stewart,data_stewart,STRING,,False,Specify the data stewart for that data,20211126004156
acn-uki-ds-data-ai-project,template_table_v_2,europe-west2,dataset_name,dataset_name,STRING,,True,Dataset name of the table,20211126004156
acn-uki-ds-data-ai-project,template_table_v_2,europe-west2,frequency,frequency,DOUBLE,,False,Frequency of the table updates,20211126004156
acn-uki-ds-data-ai-project,template_table_v_2,europe-west2,granularity,granularity,STRING,,False,Grain of the table,20211126004156
acn-uki-ds-data-ai-project,template_table_v_2,europe-west2,hold_profiled_data,hold_profiled_data,BOOL,,False,Yes if data in the table is profiled otherwise No,20211126004156
acn-uki-ds-data-ai-project,template_table_v_2,europe-west2,layer,layer,STRING,,False,Layer of the table e.g. Transformation,20211126004156
acn-uki-ds-data-ai-project,template_table_v_2,europe-west2,pii_columns,pii_columns,STRING,,False,"Specify the pii columns if any, otherwise blank",20211126004156
acn-uki-ds-data-ai-project,template_table_v_2,europe-west2,pii_type,PII type,ENUM,EMAIL_ADDRESS;US_SOCIAL_SECURITY_NUMBER;NONE;,False,"Specify the types pii columns if any, otherwise blank",20211126004156
acn-uki-ds-data-ai-project,template_table_v_2,europe-west2,project_name,project_name,STRING,,True,Project name of the table,20211126004156
acn-uki-ds-data-ai-project,template_table_v_2,europe-west2,retention,retention,STRING,,False,Specify the retention period of the table,20211126004156
acn-uki-ds-data-ai-project,template_table_v_2,europe-west2,sensitive_columns,sensitive_columns,STRING,,False,"Specify the sensitive columns if any, otherwise blank",20211126004156
acn-uki-ds-data-ai-project,template_table_v_2,europe-west2,sensitive_type,sensitive_type,ENUM,EMAIL_ADDRESS;US_SOCIAL_SECURITY_NUMBER;NONE;,False,"Specify the types of sensitive columns if any, otherwise blank",20211126004156
acn-uki-ds-data-ai-project,template_table_v_2,europe-west2,source_system,source_system,STRING,,False,Source system e.g. SAP,20211126004156
acn-uki-ds-data-ai-project,template_table_v_2,europe-west2,subject_domain,subject_domain,STRING,,False,Specify the subject area within that business process to which the table belongs to,20211126004156
acn-uki-ds-data-ai-project,template_table_v_2,europe-west2,table_description,table_description,STRING,,False,Description of the table,20211126004156
acn-uki-ds-data-ai-project,template_table_v_2,europe-west2,table_name,table_name,STRING,,True,Name of the table,20211126004156
acn-uki-ds-data-ai-project,template_table_v_2,europe-west2,transformation_logic,transformation_logic,STRING,,False,Specify the breif transformation logic in simple terms,20211126004156
acn-uki-ds-data-ai-project,template_table_v_1,europe-west2,business_glossary,business_glossary,STRING,,False,The business processes where the table is used,20211126004156
acn-uki-ds-data-ai-project,template_table_v_1,europe-west2,classification,classification,STRING,,False,"Classification of data e.g. Restricted, Confidential etc",20211126004156
acn-uki-ds-data-ai-project,template_table_v_1,europe-west2,consumer_group,consumer_group,STRING,,False,Specify the group/department who will consume this data e.g. HR,20211126004156
acn-uki-ds-data-ai-project,template_table_v_1,europe-west2,contains_pii,contains_pii,BOOL,,False,Yes if there are pii attributes in the table otherwise No,20211126004156
acn-uki-ds-data-ai-project,template_table_v_1,europe-west2,contains_sensitive,contains_sensitive,BOOL,,False,Yes if there are any sensitive attributes otherwise No,20211126004156
acn-uki-ds-data-ai-project,template_table_v_1,europe-west2,crop_number,crop_number,DOUBLE,,False,"Capture records of processing, generally this is created at the time of requirement creation",20211126004156
acn-uki-ds-data-ai-project,template_table_v_1,europe-west2,data_owner,data_owner,STRING,,False,Specify the data owner to whom anyone can reach out in case required,20211126004156
acn-uki-ds-data-ai-project,template_table_v_1,europe-west2,data_sign_off,data_sign_off,BOOL,,False,Yes if data in the table is profiled otherwise No,20211126004156
acn-uki-ds-data-ai-project,template_table_v_1,europe-west2,data_stewart,data_stewart,STRING,,False,Specify the data stewart for that data,20211126004156
acn-uki-ds-data-ai-project,template_table_v_1,europe-west2,dataset_name,dataset_name,STRING,,True,Dataset name of the table,20211126004156
acn-uki-ds-data-ai-project,template_table_v_1,europe-west2,frequency,frequency,DOUBLE,,False,Frequency of the table updates,20211126004156
acn-uki-ds-data-ai-project,template_table_v_1,europe-west2,granularity,granularity,STRING,,False,Grain of the table,20211126004156
acn-uki-ds-data-ai-project,template_table_v_1,europe-west2,hold_profiled_data,hold_profiled_data,BOOL,,False,Yes if data in the table is profiled otherwise No,20211126004156
acn-uki-ds-data-ai-project,template_table_v_1,europe-west2,layer,layer,STRING,,False,Layer of the table e.g. Transformation,20211126004156
acn-uki-ds-data-ai-project,template_table_v_1,europe-west2,pii_columns,pii_columns,STRING,,False,"Specify the pii columns if any, otherwise blank",20211126004156
acn-uki-ds-data-ai-project,template_table_v_1,europe-west2,pii_type,PII type,ENUM,EMAIL_ADDRESS;US_SOCIAL_SECURITY_NUMBER;NONE;,False,"Specify the types pii columns if any, otherwise blank",20211126004156
acn-uki-ds-data-ai-project,template_table_v_1,europe-west2,project_name,project_name,STRING,,True,Project name of the table,20211126004156
acn-uki-ds-data-ai-project,template_table_v_1,europe-west2,retention,retention,STRING,,False,Specify the retention period of the table,20211126004156
acn-uki-ds-data-ai-project,template_table_v_1,europe-west2,sensitive_columns,sensitive_columns,STRING,,False,"Specify the sensitive columns if any, otherwise blank",20211126004156
acn-uki-ds-data-ai-project,template_table_v_1,europe-west2,sensitive_type,sensitive_type,ENUM,EMAIL_ADDRESS;US_SOCIAL_SECURITY_NUMBER;NONE;,False,"Specify the types of sensitive columns if any, otherwise blank",20211126004156
acn-uki-ds-data-ai-project,template_table_v_1,europe-west2,source_system,source_system,STRING,,False,Source system e.g. SAP,20211126004156
acn-uki-ds-data-ai-project,template_table_v_1,europe-west2,subject_domain,subject_domain,STRING,,False,Specify the subject area within that business process to which the table belongs to,20211126004156
acn-uki-ds-data-ai-project,template_table_v_1,europe-west2,table_description,table_description,STRING,,False,Description of the table,20211126004156
acn-uki-ds-data-ai-project,template_table_v_1,europe-west2,table_name,table_name,STRING,,True,Name of the table,20211126004156
acn-uki-ds-data-ai-project,template_table_v_1,europe-west2,transformation_logic,transformation_logic,STRING,,False,Specify the breif transformation logic in simple terms,20211126004156
acn-uki-ds-data-ai-project,template_table_v_0,europe-west2,business_glossary,business_glossary,STRING,,False,The business processes where the table is used,20211126004156
acn-uki-ds-data-ai-project,template_table_v_0,europe-west2,classification,classification,STRING,,False,"Classification of data e.g. Restricted, Confidential etc",20211126004156
acn-uki-ds-data-ai-project,template_table_v_0,europe-west2,consumer_group,consumer_group,STRING,,False,Specify the group/department who will consume this data e.g. HR,20211126004156
acn-uki-ds-data-ai-project,template_table_v_0,europe-west2,contains_pii,contains_pii,BOOL,,False,Yes if there are pii attributes in the table otherwise No,20211126004156
acn-uki-ds-data-ai-project,template_table_v_0,europe-west2,contains_sensitive,contains_sensitive,BOOL,,False,Yes if there are any sensitive attributes otherwise No,20211126004156
acn-uki-ds-data-ai-project,template_table_v_0,europe-west2,crop_number,crop_number,DOUBLE,,False,"Capture records of processing, generally this is created at the time of requirement creation",20211126004156
acn-uki-ds-data-ai-project,template_table_v_0,europe-west2,data_owner,data_owner,STRING,,False,Specify the data owner to whom anyone can reach out in case required,20211126004156
acn-uki-ds-data-ai-project,template_table_v_0,europe-west2,data_sign_off,data_sign_off,BOOL,,False,Yes if data in the table is profiled otherwise No,20211126004156
acn-uki-ds-data-ai-project,template_table_v_0,europe-west2,data_stewart,data_stewart,STRING,,False,Specify the data stewart for that data,20211126004156
acn-uki-ds-data-ai-project,template_table_v_0,europe-west2,dataset_name,dataset_name,STRING,,True,Dataset name of the table,20211126004156
acn-uki-ds-data-ai-project,template_table_v_0,europe-west2,frequency,frequency,DOUBLE,,False,Frequency of the table updates,20211126004156
acn-uki-ds-data-ai-project,template_table_v_0,europe-west2,granularity,granularity,STRING,,False,Grain of the table,20211126004156
acn-uki-ds-data-ai-project,template_table_v_0,europe-west2,hold_profiled_data,hold_profiled_data,BOOL,,False,Yes if data in the table is profiled otherwise No,20211126004156
acn-uki-ds-data-ai-project,template_table_v_0,europe-west2,layer,layer,STRING,,False,Layer of the table e.g. Transformation,20211126004156
acn-uki-ds-data-ai-project,template_table_v_0,europe-west2,pii_columns,pii_columns,STRING,,False,"Specify the pii columns if any, otherwise blank",20211126004156
acn-uki-ds-data-ai-project,template_table_v_0,europe-west2,pii_type,PII type,ENUM,EMAIL_ADDRESS;US_SOCIAL_SECURITY_NUMBER;NONE;,False,"Specify the types pii columns if any, otherwise blank",20211126004156
acn-uki-ds-data-ai-project,template_table_v_0,europe-west2,project_name,project_name,STRING,,True,Project name of the table,20211126004156
acn-uki-ds-data-ai-project,template_table_v_0,europe-west2,retention,retention,STRING,,False,Specify the retention period of the table,20211126004156
acn-uki-ds-data-ai-project,template_table_v_0,europe-west2,sensitive_columns,sensitive_columns,STRING,,False,"Specify the sensitive columns if any, otherwise blank",20211126004156
acn-uki-ds-data-ai-project,template_table_v_0,europe-west2,sensitive_type,sensitive_type,ENUM,EMAIL_ADDRESS;US_SOCIAL_SECURITY_NUMBER;NONE;,False,"Specify the types of sensitive columns if any, otherwise blank",20211126004156
acn-uki-ds-data-ai-project,template_table_v_0,europe-west2,source_system,source_system,STRING,,False,Source system e.g. SAP,20211126004156
acn-uki-ds-data-ai-project,template_table_v_0,europe-west2,subject_domain,subject_domain,STRING,,False,Specify the subject area within that business process to which the table belongs to,20211126004156
acn-uki-ds-data-ai-project,template_table_v_0,europe-west2,table_description,table_description,STRING,,False,Description of the table,20211126004156
acn-uki-ds-data-ai-project,template_table_v_0,europe-west2,table_name,table_name,STRING,,True,Name of the table,20211126004156
acn-uki-ds-data-ai-project,template_table_v_0,europe-west2,transformation_logic,transformation_logic,STRING,,False,Specify the breif transformation logic in simple terms,20211126004156
acn-uki-ds-data-ai-project,data_loss_prevention,eu,ADVERTISING_ID_count,InfoType ADVERTISING_ID count,DOUBLE,,False,,20211126004156
acn-uki-ds-data-ai-project,data_loss_prevention,eu,AGE_count,InfoType AGE count,DOUBLE,,False,,20211126004156
acn-uki-ds-data-ai-project,data_loss_prevention,eu,AMERICAN_BANKERS_CUSIP_ID_count,InfoType AMERICAN_BANKERS_CUSIP_ID count,DOUBLE,,False,,20211126004156
acn-uki-ds-data-ai-project,data_loss_prevention,eu,ARGENTINA_DNI_NUMBER_count,InfoType ARGENTINA_DNI_NUMBER count,DOUBLE,,False,,20211126004156
acn-uki-ds-data-ai-project,data_loss_prevention,eu,AUSTRALIA_DRIVERS_LICENSE_NUMBER_count,InfoType AUSTRALIA_DRIVERS_LICENSE_NUMBER count,DOUBLE,,False,,20211126004156
acn-uki-ds-data-ai-project,data_loss_prevention,eu,AUSTRALIA_MEDICARE_NUMBER_count,InfoType AUSTRALIA_MEDICARE_NUMBER count,DOUBLE,,False,,20211126004156
acn-uki-ds-data-ai-project,data_loss_prevention,eu,AUSTRALIA_PASSPORT_count,InfoType AUSTRALIA_PASSPORT count,DOUBLE,,False,,20211126004156
acn-uki-ds-data-ai-project,data_loss_prevention,eu,AUSTRALIA_TAX_FILE_NUMBER_count,InfoType AUSTRALIA_TAX_FILE_NUMBER count,DOUBLE,,False,,20211126004156
acn-uki-ds-data-ai-project,data_loss_prevention,eu,AUTH_TOKEN_count,InfoType AUTH_TOKEN count,DOUBLE,,False,,20211126004156
acn-uki-ds-data-ai-project,data_loss_prevention,eu,AWS_CREDENTIALS_count,InfoType AWS_CREDENTIALS count,DOUBLE,,False,,20211126004156
acn-uki-ds-data-ai-project,data_loss_prevention,eu,AZURE_AUTH_TOKEN_count,InfoType AZURE_AUTH_TOKEN count,DOUBLE,,False,,20211126004156
acn-uki-ds-data-ai-project,data_loss_prevention,eu,BASIC_AUTH_HEADER_count,InfoType BASIC_AUTH_HEADER count,DOUBLE,,False,,20211126004156
acn-uki-ds-data-ai-project,data_loss_prevention,eu,BELGIUM_NATIONAL_ID_CARD_NUMBER_count,InfoType BELGIUM_NATIONAL_ID_CARD_NUMBER count,DOUBLE,,False,,20211126004156
acn-uki-ds-data-ai-project,data_loss_prevention,eu,BRAZIL_CPF_NUMBER_count,InfoType BRAZIL_CPF_NUMBER count,DOUBLE,,False,,20211126004156
acn-uki-ds-data-ai-project,data_loss_prevention,eu,CANADA_BANK_ACCOUNT_count,InfoType CANADA_BANK_ACCOUNT count,DOUBLE,,False,,20211126004156
acn-uki-ds-data-ai-project,data_loss_prevention,eu,CANADA_BC_PHN_count,InfoType CANADA_BC_PHN count,DOUBLE,,False,,20211126004156
acn-uki-ds-data-ai-project,data_loss_prevention,eu,CANADA_DRIVERS_LICENSE_NUMBER_count,InfoType CANADA_DRIVERS_LICENSE_NUMBER count,DOUBLE,,False,,20211126004156
acn-uki-ds-data-ai-project,data_loss_prevention,eu,CANADA_OHIP_count,InfoType CANADA_OHIP count,DOUBLE,,False,,20211126004156
acn-uki-ds-data-ai-project,data_loss_prevention,eu,CANADA_PASSPORT_count,InfoType CANADA_PASSPORT count,DOUBLE,,False,,20211126004156
acn-uki-ds-data-ai-project,data_loss_prevention,eu,CANADA_QUEBEC_HIN_count,InfoType CANADA_QUEBEC_HIN count,DOUBLE,,False,,20211126004156
acn-uki-ds-data-ai-project,data_loss_prevention,eu,CANADA_SOCIAL_INSURANCE_NUMBER_count,InfoType CANADA_SOCIAL_INSURANCE_NUMBER count,DOUBLE,,False,,20211126004156
acn-uki-ds-data-ai-project,data_loss_prevention,eu,CHILE_CDI_NUMBER_count,InfoType CHILE_CDI_NUMBER count,DOUBLE,,False,,20211126004156
acn-uki-ds-data-ai-project,data_loss_prevention,eu,CHINA_PASSPORT_count,InfoType CHINA_PASSPORT count,DOUBLE,,False,,20211126004156
acn-uki-ds-data-ai-project,data_loss_prevention,eu,CHINA_RESIDENT_ID_NUMBER_count,InfoType CHINA_RESIDENT_ID_NUMBER count,DOUBLE,,False,,20211126004156
acn-uki-ds-data-ai-project,data_loss_prevention,eu,COLOMBIA_CDC_NUMBER_count,InfoType COLOMBIA_CDC_NUMBER count,DOUBLE,,False,,20211126004156
acn-uki-ds-data-ai-project,data_loss_prevention,eu,CREDIT_CARD_NUMBER_count,InfoType CREDIT_CARD_NUMBER count,DOUBLE,,False,,20211126004156
acn-uki-ds-data-ai-project,data_loss_prevention,eu,CREDIT_CARD_TRACK_NUMBER_count,InfoType CREDIT_CARD_TRACK_NUMBER count,DOUBLE,,False,,20211126004156
acn-uki-ds-data-ai-project,data_loss_prevention,eu,DATE_OF_BIRTH_count,InfoType DATE_OF_BIRTH count,DOUBLE,,False,,20211126004156
acn-uki-ds-data-ai-project,data_loss_prevention,eu,DATE_count,InfoType DATE count,DOUBLE,,False,,20211126004156
acn-uki-ds-data-ai-project,data_loss_prevention,eu,DENMARK_CPR_NUMBER_count,InfoType DENMARK_CPR_NUMBER count,DOUBLE,,False,,20211126004156
acn-uki-ds-data-ai-project,data_loss_prevention,eu,DOCUMENT_TYPE_FINANCE_REGULATORY_count,InfoType DOCUMENT_TYPE_FINANCE_REGULATORY count,DOUBLE,,False,,20211126004156
acn-uki-ds-data-ai-project,data_loss_prevention,eu,DOCUMENT_TYPE_FINANCE_SEC_FILING_count,InfoType DOCUMENT_TYPE_FINANCE_SEC_FILING count,DOUBLE,,False,,20211126004156
acn-uki-ds-data-ai-project,data_loss_prevention,eu,DOCUMENT_TYPE_HR_RESUME_count,InfoType DOCUMENT_TYPE_HR_RESUME count,DOUBLE,,False,,20211126004156
acn-uki-ds-data-ai-project,data_loss_prevention,eu,DOCUMENT_TYPE_LEGAL_BLANK_FORM_count,InfoType DOCUMENT_TYPE_LEGAL_BLANK_FORM count,DOUBLE,,False,,20211126004156
acn-uki-ds-data-ai-project,data_loss_prevention,eu,DOCUMENT_TYPE_LEGAL_BRIEF_count,InfoType DOCUMENT_TYPE_LEGAL_BRIEF count,DOUBLE,,False,,20211126004156
acn-uki-ds-data-ai-project,data_loss_prevention,eu,DOCUMENT_TYPE_LEGAL_COURT_ORDER_count,InfoType DOCUMENT_TYPE_LEGAL_COURT_ORDER count,DOUBLE,,False,,20211126004156
acn-uki-ds-data-ai-project,data_loss_prevention,eu,DOCUMENT_TYPE_LEGAL_LAW_count,InfoType DOCUMENT_TYPE_LEGAL_LAW count,DOUBLE,,False,,20211126004156
acn-uki-ds-data-ai-project,data_loss_prevention,eu,DOCUMENT_TYPE_LEGAL_PLEADING_count,InfoType DOCUMENT_TYPE_LEGAL_PLEADING count,DOUBLE,,False,,20211126004156
acn-uki-ds-data-ai-project,data_loss_prevention,eu,DOCUMENT_TYPE_R_D_DATABASE_BACKUP_count,InfoType DOCUMENT_TYPE_R_D_DATABASE_BACKUP count,DOUBLE,,False,,20211126004156
acn-uki-ds-data-ai-project,data_loss_prevention,eu,DOCUMENT_TYPE_R_D_PATENT_count,InfoType DOCUMENT_TYPE_R_D_PATENT count,DOUBLE,,False,,20211126004156
acn-uki-ds-data-ai-project,data_loss_prevention,eu,DOCUMENT_TYPE_R_D_SOURCE_CODE_count,InfoType DOCUMENT_TYPE_R_D_SOURCE_CODE count,DOUBLE,,False,,20211126004156
acn-uki-ds-data-ai-project,data_loss_prevention,eu,DOCUMENT_TYPE_R_D_SYSTEM_LOG_count,InfoType DOCUMENT_TYPE_R_D_SYSTEM_LOG count,DOUBLE,,False,,20211126004156
acn-uki-ds-data-ai-project,data_loss_prevention,eu,DOMAIN_NAME_count,InfoType DOMAIN_NAME count,DOUBLE,,False,,20211126004156
acn-uki-ds-data-ai-project,data_loss_prevention,eu,EMAIL_ADDRESS_count,InfoType EMAIL_ADDRESS count,DOUBLE,,False,,20211126004156
acn-uki-ds-data-ai-project,data_loss_prevention,eu,ENCRYPTION_KEY_count,InfoType ENCRYPTION_KEY count,DOUBLE,,False,,20211126004156
acn-uki-ds-data-ai-project,data_loss_prevention,eu,ETHNIC_GROUP_count,InfoType ETHNIC_GROUP count,DOUBLE,,False,,20211126004156
acn-uki-ds-data-ai-project,data_loss_prevention,eu,FDA_CODE_count,InfoType FDA_CODE count,DOUBLE,,False,,20211126004156
acn-uki-ds-data-ai-project,data_loss_prevention,eu,FEMALE_NAME_count,InfoType FEMALE_NAME count,DOUBLE,,False,,20211126004156
acn-uki-ds-data-ai-project,data_loss_prevention,eu,FINLAND_NATIONAL_ID_NUMBER_count,InfoType FINLAND_NATIONAL_ID_NUMBER count,DOUBLE,,False,,20211126004156
acn-uki-ds-data-ai-project,data_loss_prevention,eu,FIRST_NAME_count,InfoType FIRST_NAME count,DOUBLE,,False,,20211126004156
acn-uki-ds-data-ai-project,data_loss_prevention,eu,FRANCE_CNI_count,InfoType FRANCE_CNI count,DOUBLE,,False,,20211126004156
acn-uki-ds-data-ai-project,data_loss_prevention,eu,FRANCE_NIR_count,InfoType FRANCE_NIR count,DOUBLE,,False,,20211126004156
acn-uki-ds-data-ai-project,data_loss_prevention,eu,FRANCE_PASSPORT_count,InfoType FRANCE_PASSPORT count,DOUBLE,,False,,20211126004156
acn-uki-ds-data-ai-project,data_loss_prevention,eu,FRANCE_TAX_IDENTIFICATION_NUMBER_count,InfoType FRANCE_TAX_IDENTIFICATION_NUMBER count,DOUBLE,,False,,20211126004156
acn-uki-ds-data-ai-project,data_loss_prevention,eu,GCP_API_KEY_count,InfoType GCP_API_KEY count,DOUBLE,,False,,20211126004156
acn-uki-ds-data-ai-project,data_loss_prevention,eu,GCP_CREDENTIALS_count,InfoType GCP_CREDENTIALS count,DOUBLE,,False,,20211126004156
acn-uki-ds-data-ai-project,data_loss_prevention,eu,GENDER_count,InfoType GENDER count,DOUBLE,,False,,20211126004156
acn-uki-ds-data-ai-project,data_loss_prevention,eu,GENERIC_ID_count,InfoType GENERIC_ID count,DOUBLE,,False,,20211126004156
acn-uki-ds-data-ai-project,data_loss_prevention,eu,GERMANY_DRIVERS_LICENSE_NUMBER_count,InfoType GERMANY_DRIVERS_LICENSE_NUMBER count,DOUBLE,,False,,20211126004156
acn-uki-ds-data-ai-project,data_loss_prevention,eu,GERMANY_IDENTITY_CARD_NUMBER_count,InfoType GERMANY_IDENTITY_CARD_NUMBER count,DOUBLE,,False,,20211126004156
acn-uki-ds-data-ai-project,data_loss_prevention,eu,GERMANY_PASSPORT_count,InfoType GERMANY_PASSPORT count,DOUBLE,,False,,20211126004156
acn-uki-ds-data-ai-project,data_loss_prevention,eu,GERMANY_SCHUFA_ID_count,InfoType GERMANY_SCHUFA_ID count,DOUBLE,,False,,20211126004156
acn-uki-ds-data-ai-project,data_loss_prevention,eu,GERMANY_TAXPAYER_IDENTIFICATION_NUMBER_count,InfoType GERMANY_TAXPAYER_IDENTIFICATION_NUMBER count,DOUBLE,,False,,20211126004156
acn-uki-ds-data-ai-project,data_loss_prevention,eu,HONG_KONG_ID_NUMBER_count,InfoType HONG_KONG_ID_NUMBER count,DOUBLE,,False,,20211126004156
acn-uki-ds-data-ai-project,data_loss_prevention,eu,HTTP_COOKIE_count,InfoType HTTP_COOKIE count,DOUBLE,,False,,20211126004156
acn-uki-ds-data-ai-project,data_loss_prevention,eu,IBAN_CODE_count,InfoType IBAN_CODE count,DOUBLE,,False,,20211126004156
acn-uki-ds-data-ai-project,data_loss_prevention,eu,ICD10_CODE_count,InfoType ICD10_CODE count,DOUBLE,,False,,20211126004156
acn-uki-ds-data-ai-project,data_loss_prevention,eu,ICD9_CODE_count,InfoType ICD9_CODE count,DOUBLE,,False,,20211126004156
acn-uki-ds-data-ai-project,data_loss_prevention,eu,IMEI_HARDWARE_ID_count,InfoType IMEI_HARDWARE_ID count,DOUBLE,,False,,20211126004156
acn-uki-ds-data-ai-project,data_loss_prevention,eu,IMSI_ID_count,InfoType IMSI_ID count,DOUBLE,,False,,20211126004156
acn-uki-ds-data-ai-project,data_loss_prevention,eu,INDIA_AADHAAR_INDIVIDUAL_count,InfoType INDIA_AADHAAR_INDIVIDUAL count,DOUBLE,,False,,20211126004156
acn-uki-ds-data-ai-project,data_loss_prevention,eu,INDIA_GST_INDIVIDUAL_count,InfoType INDIA_GST_INDIVIDUAL count,DOUBLE,,False,,20211126004156
acn-uki-ds-data-ai-project,data_loss_prevention,eu,INDIA_PAN_INDIVIDUAL_count,InfoType INDIA_PAN_INDIVIDUAL count,DOUBLE,,False,,20211126004156
acn-uki-ds-data-ai-project,data_loss_prevention,eu,INDONESIA_NIK_NUMBER_count,InfoType INDONESIA_NIK_NUMBER count,DOUBLE,,False,,20211126004156
acn-uki-ds-data-ai-project,data_loss_prevention,eu,IP_ADDRESS_count,InfoType IP_ADDRESS count,DOUBLE,,False,,20211126004156
acn-uki-ds-data-ai-project,data_loss_prevention,eu,IRELAND_DRIVING_LICENSE_NUMBER_count,InfoType IRELAND_DRIVING_LICENSE_NUMBER count,DOUBLE,,False,,20211126004156
acn-uki-ds-data-ai-project,data_loss_prevention,eu,IRELAND_EIRCODE_count,InfoType IRELAND_EIRCODE count,DOUBLE,,False,,20211126004156
acn-uki-ds-data-ai-project,data_loss_prevention,eu,IRELAND_PASSPORT_count,InfoType IRELAND_PASSPORT count,DOUBLE,,False,,20211126004156
acn-uki-ds-data-ai-project,data_loss_prevention,eu,IRELAND_PPSN_count,InfoType IRELAND_PPSN count,DOUBLE,,False,,20211126004156
acn-uki-ds-data-ai-project,data_loss_prevention,eu,ISRAEL_IDENTITY_CARD_NUMBER_count,InfoType ISRAEL_IDENTITY_CARD_NUMBER count,DOUBLE,,False,,20211126004156
acn-uki-ds-data-ai-project,data_loss_prevention,eu,ITALY_FISCAL_CODE_count,InfoType ITALY_FISCAL_CODE count,DOUBLE,,False,,20211126004156
acn-uki-ds-data-ai-project,data_loss_prevention,eu,JAPAN_BANK_ACCOUNT_count,InfoType JAPAN_BANK_ACCOUNT count,DOUBLE,,False,,20211126004156
acn-uki-ds-data-ai-project,data_loss_prevention,eu,JAPAN_DRIVERS_LICENSE_NUMBER_count,InfoType JAPAN_DRIVERS_LICENSE_NUMBER count,DOUBLE,,False,,20211126004156
acn-uki-ds-data-ai-project,data_loss_prevention,eu,JAPAN_INDIVIDUAL_NUMBER_count,InfoType JAPAN_INDIVIDUAL_NUMBER count,DOUBLE,,False,,20211126004156
acn-uki-ds-data-ai-project,data_loss_prevention,eu,JAPAN_PASSPORT_count,InfoType JAPAN_PASSPORT count,DOUBLE,,False,,20211126004156
acn-uki-ds-data-ai-project,data_loss_prevention,eu,JSON_WEB_TOKEN_count,InfoType JSON_WEB_TOKEN count,DOUBLE,,False,,20211126004156
acn-uki-ds-data-ai-project,data_loss_prevention,eu,KOREA_PASSPORT_count,InfoType KOREA_PASSPORT count,DOUBLE,,False,,20211126004156
acn-uki-ds-data-ai-project,data_loss_prevention,eu,KOREA_RRN_count,InfoType KOREA_RRN count,DOUBLE,,False,,20211126004156
acn-uki-ds-data-ai-project,data_loss_prevention,eu,LAST_NAME_count,InfoType LAST_NAME count,DOUBLE,,False,,20211126004156
acn-uki-ds-data-ai-project,data_loss_prevention,eu,MAC_ADDRESS_LOCAL_count,InfoType MAC_ADDRESS_LOCAL count,DOUBLE,,False,,20211126004156
acn-uki-ds-data-ai-project,data_loss_prevention,eu,MAC_ADDRESS_count,InfoType MAC_ADDRESS count,DOUBLE,,False,,20211126004156
acn-uki-ds-data-ai-project,data_loss_prevention,eu,MALE_NAME_count,InfoType MALE_NAME count,DOUBLE,,False,,20211126004156
acn-uki-ds-data-ai-project,data_loss_prevention,eu,MEDICAL_TERM_count,InfoType MEDICAL_TERM count,DOUBLE,,False,,20211126004156
acn-uki-ds-data-ai-project,data_loss_prevention,eu,MEXICO_CURP_NUMBER_count,InfoType MEXICO_CURP_NUMBER count,DOUBLE,,False,,20211126004156
acn-uki-ds-data-ai-project,data_loss_prevention,eu,MEXICO_PASSPORT_count,InfoType MEXICO_PASSPORT count,DOUBLE,,False,,20211126004156
acn-uki-ds-data-ai-project,data_loss_prevention,eu,NETHERLANDS_BSN_NUMBER_count,InfoType NETHERLANDS_BSN_NUMBER count,DOUBLE,,False,,20211126004156
acn-uki-ds-data-ai-project,data_loss_prevention,eu,NETHERLANDS_PASSPORT_count,InfoType NETHERLANDS_PASSPORT count,DOUBLE,,False,,20211126004156
acn-uki-ds-data-ai-project,data_loss_prevention,eu,NORWAY_NI_NUMBER_count,InfoType NORWAY_NI_NUMBER count,DOUBLE,,False,,20211126004156
acn-uki-ds-data-ai-project,data_loss_prevention,eu,PARAGUAY_CIC_NUMBER_count,InfoType PARAGUAY_CIC_NUMBER count,DOUBLE,,False,,20211126004156
acn-uki-ds-data-ai-project,data_loss_prevention,eu,PASSPORT_count,InfoType PASSPORT count,DOUBLE,,False,,20211126004156
acn-uki-ds-data-ai-project,data_loss_prevention,eu,PASSWORD_count,InfoType PASSWORD count,DOUBLE,,False,,20211126004156
acn-uki-ds-data-ai-project,data_loss_prevention,eu,PERSON_NAME_count,InfoType PERSON_NAME count,DOUBLE,,False,,20211126004156
acn-uki-ds-data-ai-project,data_loss_prevention,eu,PERU_DNI_NUMBER_count,InfoType PERU_DNI_NUMBER count,DOUBLE,,False,,20211126004156
acn-uki-ds-data-ai-project,data_loss_prevention,eu,PHONE_NUMBER_count,InfoType PHONE_NUMBER count,DOUBLE,,False,,20211126004156
acn-uki-ds-data-ai-project,data_loss_prevention,eu,POLAND_NATIONAL_ID_NUMBER_count,InfoType POLAND_NATIONAL_ID_NUMBER count,DOUBLE,,False,,20211126004156
acn-uki-ds-data-ai-project,data_loss_prevention,eu,POLAND_PASSPORT_count,InfoType POLAND_PASSPORT count,DOUBLE,,False,,20211126004156
acn-uki-ds-data-ai-project,data_loss_prevention,eu,POLAND_PESEL_NUMBER_count,InfoType POLAND_PESEL_NUMBER count,DOUBLE,,False,,20211126004156
acn-uki-ds-data-ai-project,data_loss_prevention,eu,PORTUGAL_CDC_NUMBER_count,InfoType PORTUGAL_CDC_NUMBER count,DOUBLE,,False,,20211126004156
acn-uki-ds-data-ai-project,data_loss_prevention,eu,SCOTLAND_COMMUNITY_HEALTH_INDEX_NUMBER_count,InfoType SCOTLAND_COMMUNITY_HEALTH_INDEX_NUMBER count,DOUBLE,,False,,20211126004156
acn-uki-ds-data-ai-project,data_loss_prevention,eu,SINGAPORE_NATIONAL_REGISTRATION_ID_NUMBER_count,InfoType SINGAPORE_NATIONAL_REGISTRATION_ID_NUMBER count,DOUBLE,,False,,20211126004156
acn-uki-ds-data-ai-project,data_loss_prevention,eu,SINGAPORE_PASSPORT_count,InfoType SINGAPORE_PASSPORT count,DOUBLE,,False,,20211126004156
acn-uki-ds-data-ai-project,data_loss_prevention,eu,SPAIN_CIF_NUMBER_count,InfoType SPAIN_CIF_NUMBER count,DOUBLE,,False,,20211126004156
acn-uki-ds-data-ai-project,data_loss_prevention,eu,SPAIN_DNI_NUMBER_count,InfoType SPAIN_DNI_NUMBER count,DOUBLE,,False,,20211126004156
acn-uki-ds-data-ai-project,data_loss_prevention,eu,SPAIN_DRIVERS_LICENSE_NUMBER_count,InfoType SPAIN_DRIVERS_LICENSE_NUMBER count,DOUBLE,,False,,20211126004156
acn-uki-ds-data-ai-project,data_loss_prevention,eu,SPAIN_NIE_NUMBER_count,InfoType SPAIN_NIE_NUMBER count,DOUBLE,,False,,20211126004156
acn-uki-ds-data-ai-project,data_loss_prevention,eu,SPAIN_NIF_NUMBER_count,InfoType SPAIN_NIF_NUMBER count,DOUBLE,,False,,20211126004156
acn-uki-ds-data-ai-project,data_loss_prevention,eu,SPAIN_PASSPORT_count,InfoType SPAIN_PASSPORT count,DOUBLE,,False,,20211126004156
acn-uki-ds-data-ai-project,data_loss_prevention,eu,SPAIN_SOCIAL_SECURITY_NUMBER_count,InfoType SPAIN_SOCIAL_SECURITY_NUMBER count,DOUBLE,,False,,20211126004156
acn-uki-ds-data-ai-project,data_loss_prevention,eu,STORAGE_SIGNED_POLICY_DOCUMENT_count,InfoType STORAGE_SIGNED_POLICY_DOCUMENT count,DOUBLE,,False,,20211126004156
acn-uki-ds-data-ai-project,data_loss_prevention,eu,STORAGE_SIGNED_URL_count,InfoType STORAGE_SIGNED_URL count,DOUBLE,,False,,20211126004156
acn-uki-ds-data-ai-project,data_loss_prevention,eu,STREET_ADDRESS_count,InfoType STREET_ADDRESS count,DOUBLE,,False,,20211126004156
acn-uki-ds-data-ai-project,data_loss_prevention,eu,SWEDEN_NATIONAL_ID_NUMBER_count,InfoType SWEDEN_NATIONAL_ID_NUMBER count,DOUBLE,,False,,20211126004156
acn-uki-ds-data-ai-project,data_loss_prevention,eu,SWEDEN_PASSPORT_count,InfoType SWEDEN_PASSPORT count,DOUBLE,,False,,20211126004156
acn-uki-ds-data-ai-project,data_loss_prevention,eu,SWIFT_CODE_count,InfoType SWIFT_CODE count,DOUBLE,,False,,20211126004156
acn-uki-ds-data-ai-project,data_loss_prevention,eu,TAIWAN_PASSPORT_count,InfoType TAIWAN_PASSPORT count,DOUBLE,,False,,20211126004156
acn-uki-ds-data-ai-project,data_loss_prevention,eu,THAILAND_NATIONAL_ID_NUMBER_count,InfoType THAILAND_NATIONAL_ID_NUMBER count,DOUBLE,,False,,20211126004156
acn-uki-ds-data-ai-project,data_loss_prevention,eu,TIME_count,InfoType TIME count,DOUBLE,,False,,20211126004156
acn-uki-ds-data-ai-project,data_loss_prevention,eu,TURKEY_ID_NUMBER_count,InfoType TURKEY_ID_NUMBER count,DOUBLE,,False,,20211126004156
acn-uki-ds-data-ai-project,data_loss_prevention,eu,UK_DRIVERS_LICENSE_NUMBER_count,InfoType UK_DRIVERS_LICENSE_NUMBER count,DOUBLE,,False,,20211126004156
acn-uki-ds-data-ai-project,data_loss_prevention,eu,UK_NATIONAL_HEALTH_SERVICE_NUMBER_count,InfoType UK_NATIONAL_HEALTH_SERVICE_NUMBER count,DOUBLE,,False,,20211126004156
acn-uki-ds-data-ai-project,data_loss_prevention,eu,UK_NATIONAL_INSURANCE_NUMBER_count,InfoType UK_NATIONAL_INSURANCE_NUMBER count,DOUBLE,,False,,20211126004156
acn-uki-ds-data-ai-project,data_loss_prevention,eu,UK_PASSPORT_count,InfoType UK_PASSPORT count,DOUBLE,,False,,20211126004156
acn-uki-ds-data-ai-project,data_loss_prevention,eu,UK_TAXPAYER_REFERENCE_count,InfoType UK_TAXPAYER_REFERENCE count,DOUBLE,,False,,20211126004156
acn-uki-ds-data-ai-project,data_loss_prevention,eu,URL_count,InfoType URL count,DOUBLE,,False,,20211126004156
acn-uki-ds-data-ai-project,data_loss_prevention,eu,URUGUAY_CDI_NUMBER_count,InfoType URUGUAY_CDI_NUMBER count,DOUBLE,,False,,20211126004156
acn-uki-ds-data-ai-project,data_loss_prevention,eu,US_ADOPTION_TAXPAYER_IDENTIFICATION_NUMBER_count,InfoType US_ADOPTION_TAXPAYER_IDENTIFICATION_NUMBER count,DOUBLE,,False,,20211126004156
acn-uki-ds-data-ai-project,data_loss_prevention,eu,US_BANK_ROUTING_MICR_count,InfoType US_BANK_ROUTING_MICR count,DOUBLE,,False,,20211126004156
acn-uki-ds-data-ai-project,data_loss_prevention,eu,US_DEA_NUMBER_count,InfoType US_DEA_NUMBER count,DOUBLE,,False,,20211126004156
acn-uki-ds-data-ai-project,data_loss_prevention,eu,US_DRIVERS_LICENSE_NUMBER_count,InfoType US_DRIVERS_LICENSE_NUMBER count,DOUBLE,,False,,20211126004156
acn-uki-ds-data-ai-project,data_loss_prevention,eu,US_EMPLOYER_IDENTIFICATION_NUMBER_count,InfoType US_EMPLOYER_IDENTIFICATION_NUMBER count,DOUBLE,,False,,20211126004156
acn-uki-ds-data-ai-project,data_loss_prevention,eu,US_HEALTHCARE_NPI_count,InfoType US_HEALTHCARE_NPI count,DOUBLE,,False,,20211126004156
acn-uki-ds-data-ai-project,data_loss_prevention,eu,US_INDIVIDUAL_TAXPAYER_IDENTIFICATION_NUMBER_count,InfoType US_INDIVIDUAL_TAXPAYER_IDENTIFICATION_NUMBER count,DOUBLE,,False,,20211126004156
acn-uki-ds-data-ai-project,data_loss_prevention,eu,US_PASSPORT_count,InfoType US_PASSPORT count,DOUBLE,,False,,20211126004156
acn-uki-ds-data-ai-project,data_loss_prevention,eu,US_PREPARER_TAXPAYER_IDENTIFICATION_NUMBER_count,InfoType US_PREPARER_TAXPAYER_IDENTIFICATION_NUMBER count,DOUBLE,,False,,20211126004156
acn-uki-ds-data-ai-project,data_loss_prevention,eu,US_SOCIAL_SECURITY_NUMBER_count,InfoType US_SOCIAL_SECURITY_NUMBER count,DOUBLE,,False,,20211126004156
acn-uki-ds-data-ai-project,data_loss_prevention,eu,US_STATE_count,InfoType US_STATE count,DOUBLE,,False,,20211126004156
acn-uki-ds-data-ai-project,data_loss_prevention,eu,US_TOLLFREE_PHONE_NUMBER_count,InfoType US_TOLLFREE_PHONE_NUMBER count,DOUBLE,,False,,20211126004156
acn-uki-ds-data-ai-project,data_loss_prevention,eu,US_VEHICLE_IDENTIFICATION_NUMBER_count,InfoType US_VEHICLE_IDENTIFICATION_NUMBER count,DOUBLE,,False,,20211126004156
acn-uki-ds-data-ai-project,data_loss_prevention,eu,VEHICLE_IDENTIFICATION_NUMBER_count,InfoType VEHICLE_IDENTIFICATION_NUMBER count,DOUBLE,,False,,20211126004156
acn-uki-ds-data-ai-project,data_loss_prevention,eu,VENEZUELA_CDI_NUMBER_count,InfoType VENEZUELA_CDI_NUMBER count,DOUBLE,,False,,20211126004156
acn-uki-ds-data-ai-project,data_loss_prevention,eu,WEAK_PASSWORD_HASH_count,InfoType WEAK_PASSWORD_HASH count,DOUBLE,,False,,20211126004156
acn-uki-ds-data-ai-project,data_loss_prevention,eu,XSRF_TOKEN_count,InfoType XSRF_TOKEN count,DOUBLE,,False,,20211126004156
acn-uki-ds-data-ai-project,data_loss_prevention,eu,full_scan,DLP full scan,BOOL,,False,,20211126004156
acn-uki-ds-data-ai-project,data_loss_prevention,eu,has_findings,Contains DLP findings,BOOL,,False,,20211126004156
acn-uki-ds-data-ai-project,data_loss_prevention,eu,job_name,DLP job name,STRING,,False,,20211126004156
acn-uki-ds-data-ai-project,data_loss_prevention,eu,job_state,DLP job state,STRING,,False,,20211126004156
acn-uki-ds-data-ai-project,data_loss_prevention,eu,job_timestamp,DLP job timestamp,STRING,,False,,20211126004156
acn-uki-ds-data-ai-project,data_loss_prevention,eu,num_bytes_processed,Number of bytes processed,DOUBLE,,False,,20211126004156
acn-uki-ds-data-ai-project,data_loss_prevention,eu,num_rows_processed,Number of rows processed,DOUBLE,,False,,20211126004156
acn-uki-ds-data-ai-project,data_loss_prevention,eu,template_name,DLP template name,STRING,,False,,20211126004156
